<?xml version="1.0" encoding="UTF-8" ?>
<module>
    <name>conform</name>
    <displayName><![CDATA[Conform - Contact Form]]></displayName>
    <version><![CDATA[1.0.0]]></version>
    <description><![CDATA[Create your contact form in 1 clic !]]></description>
    <author><![CDATA[Ukoo]]></author>
    <tab><![CDATA[front_office_features]]></tab>
	<confirmUninstall><![CDATA[Are you sure you want to uninstall the module ?]]></confirmUninstall>
    <is_configurable>1</is_configurable>
    <need_instance>0</need_instance>
	<limited_countries></limited_countries>
</module>